url catégorie,nom,url,title,image produit,UPC,prix HT,prix TTC,categorie parente,nombre en stock,avis (sur 5),description
https://books.toscrape.com/catalogue/category/books/fantasy_19/index.html,unicorn tracks_951,https://books.toscrape.com/catalogue/unicorn-tracks_951/index.html,Unicorn Tracks | Books to Scrape - Sandbox,https://books.toscrape.com//media/cache/9b/09/9b0935dc936c92900c2dc5d2114da72f.jpg,7ae099f3898e0209,£18.78,£18.78,Fantasy,In stock (16 available),3/5,After a savage attack drives her from her home  sixteen-year-old Mnemba finds a place in her cousin Tumelo’s successful safari business  where she quickly excels as a guide. Surrounding herself with nature and the mystical animals inhabiting the savannah not only allows Mnemba’s tracking skills to shine  it helps her to hide from the terrible memories that haunt her.Mnemba After a savage attack drives her from her home  sixteen-year-old Mnemba finds a place in her cousin Tumelo’s successful safari business  where she quickly excels as a guide. Surrounding herself with nature and the mystical animals inhabiting the savannah not only allows Mnemba’s tracking skills to shine  it helps her to hide from the terrible memories that haunt her.Mnemba is employed to guide Mr. Harving and his daughter  Kara  through the wilderness as they study unicorns. The young women are drawn to each other  despite that fact that Kara is betrothed. During their research  they discover a conspiracy by a group of poachers to capture the Unicorns and exploit their supernatural strength to build a railway. Together  they must find a way to protect the creatures Kara adores while resisting the love they know they can never indulge. ...more
https://books.toscrape.com/catalogue/category/books/fantasy_19/index.html,saga volume 6 saga collected editions 6_924,https://books.toscrape.com/catalogue/saga-volume-6-saga-collected-editions-6_924/index.html,Saga  Volume 6 (Saga (Collected Editions) #6) | Books to Scrape - Sandbox,https://books.toscrape.com//media/cache/4a/99/4a996ae54711cea37e370428b54f8b19.jpg,c849f0b2f5d6a742,£25.02,£25.02,Fantasy,In stock (16 available),3/5,After a dramatic time jump  the three-time Eisner Award winner for Best Continuing Series continues to evolve  as Hazel begins the most exciting adventure of her life: kindergarten. Meanwhile  her star-crossed family learns hard lessons of their own.Collects SAGA #31-36
https://books.toscrape.com/catalogue/category/books/fantasy_19/index.html,princess between worlds wide awake princess 5_919,https://books.toscrape.com/catalogue/princess-between-worlds-wide-awake-princess-5_919/index.html,Princess Between Worlds (Wide-Awake Princess #5) | Books to Scrape - Sandbox,https://books.toscrape.com//media/cache/db/01/db01b38d3200a5faff4ead42791416e4.jpg,0e691eda369f4e09,£13.34,£13.34,Fantasy,In stock (16 available),5/5,Just as Annie and Liam are busy making plans to travel the world  a witch shows up and gives them a collection of postcards from the Magic Marketplace. Each postcard gives Annie and Liam the opportunity to travel to exotic lands and far-flung kingdoms. What the witch doesn't give them are directions on how to safely return.
https://books.toscrape.com/catalogue/category/books/fantasy_19/index.html,masks and shadows_909,https://books.toscrape.com/catalogue/masks-and-shadows_909/index.html,Masks and Shadows | Books to Scrape - Sandbox,https://books.toscrape.com//media/cache/05/c4/05c43fe821ae19169c7baa8a54c7e869.jpg,fa9610a50a1bf149,£56.40,£56.40,Fantasy,In stock (16 available),2/5,The year is 1779  and Carlo Morelli  the most renowned castrato singer in Europe  has been invited as an honored guest to Eszterháza Palace. With Carlo in Prince Nikolaus Esterházy's carriage  ride a Prussian spy and one of the most notorious alchemists in the Habsburg Empire. Already at Eszterháza is Charlotte von Steinbeck  the very proper sister of Prince Nikolaus's mis The year is 1779  and Carlo Morelli  the most renowned castrato singer in Europe  has been invited as an honored guest to Eszterháza Palace. With Carlo in Prince Nikolaus Esterházy's carriage  ride a Prussian spy and one of the most notorious alchemists in the Habsburg Empire. Already at Eszterháza is Charlotte von Steinbeck  the very proper sister of Prince Nikolaus's mistress. Charlotte has retreated to the countryside to mourn her husband's death. Now  she must overcome the ingrained rules of her society in order to uncover the dangerous secrets lurking within the palace's golden walls. Music  magic  and blackmail mingle in a plot to assassinate the Habsburg Emperor and Empress--a plot that can only be stopped if Carlo and Charlotte can see through the masks worn by everyone they meet. ...more
https://books.toscrape.com/catalogue/category/books/fantasy_19/index.html,crown of midnight throne of glass 2_888,https://books.toscrape.com/catalogue/crown-of-midnight-throne-of-glass-2_888/index.html,Crown of Midnight (Throne of Glass #2) | Books to Scrape - Sandbox,https://books.toscrape.com//media/cache/b7/7d/b77d5e56daa3c22822abf1b8affbaef9.jpg,7267864328ae8b9d,£43.29,£43.29,Fantasy,In stock (16 available),3/5,"""A line that should never be crossed is about to be breached.It puts this entire castle in jeopardy—and the life of your friend.""From the throne of glass rules a king with a fist of iron and a soul as black as pitch. Assassin Celaena Sardothien won a brutal contest to become his Champion. Yet Celaena is far from loyal to the crown. She hides her secret vigilantly; she know ""A line that should never be crossed is about to be breached.It puts this entire castle in jeopardy—and the life of your friend.""From the throne of glass rules a king with a fist of iron and a soul as black as pitch. Assassin Celaena Sardothien won a brutal contest to become his Champion. Yet Celaena is far from loyal to the crown. She hides her secret vigilantly; she knows that the man she serves is bent on evil.Keeping up the deadly charade becomes increasingly difficult when Celaena realizes she is not the only one seeking justice. As she tries to untangle the mysteries buried deep within the glass castle  her closest relationships suffer. It seems no one is above questioning her allegiances—not the Crown Prince Dorian; not Chaol  the Captain of the Guard; not even her best friend  Nehemia  a foreign princess with a rebel heart.Then one terrible night  the secrets they have all been keeping lead to an unspeakable tragedy. As Celaena's world shatters  she will be forced to give up the very thing most precious to her and decide once and for all where her true loyalties lie... and whom she is ultimately willing to fight for. ...more"
https://books.toscrape.com/catalogue/category/books/fantasy_19/index.html,avatar the last airbender smoke and shadow part 3 smoke and shadow 3_881,https://books.toscrape.com/catalogue/avatar-the-last-airbender-smoke-and-shadow-part-3-smoke-and-shadow-3_881/index.html,Avatar: The Last Airbender: Smoke and Shadow  Part 3 (Smoke and Shadow #3) | Books to Scrape - Sandbox,https://books.toscrape.com//media/cache/9f/25/9f25ffe4229a32d1368b3dfe248c3343.jpg,6d5300b2d8f37e07,£28.09,£28.09,Fantasy,In stock (16 available),2/5,Children are disappearing in the Fire Nation capitol! Avatar Aang and his friends are doing everything in their power to save them - but will it be enough?!What's worse  when Azula - the mad sister of Fire Lord Zuko - appears on the scene  Zuko locks down the capitol to catch her  igniting fear and riots in the streets! Will Zuko follow in his evil father's footsteps in or Children are disappearing in the Fire Nation capitol! Avatar Aang and his friends are doing everything in their power to save them - but will it be enough?!What's worse  when Azula - the mad sister of Fire Lord Zuko - appears on the scene  Zuko locks down the capitol to catch her  igniting fear and riots in the streets! Will Zuko follow in his evil father's footsteps in order to save those he holds dear?!Written and drawn by the creative team behind the best-selling The Promise  The Search and The Rift  Gene Luen Yang and Gurihiru  in collaboration with Avatar: The Last Airbender and Legend of Korra creators Michael Dante DiMartino and Bryan Konietzko  this is the ultimate continuation of Avatar and the perfect companion to Legend of Korra! ...more
https://books.toscrape.com/catalogue/category/books/fantasy_19/index.html,a court of thorns and roses a court of thorns and roses 1_874,https://books.toscrape.com/catalogue/a-court-of-thorns-and-roses-a-court-of-thorns-and-roses-1_874/index.html,A Court of Thorns and Roses (A Court of Thorns and Roses #1) | Books to Scrape - Sandbox,https://books.toscrape.com//media/cache/0a/78/0a78f89fc2dc78b700b494c3510e8920.jpg,01d2001ac1e6f8a3,£52.37,£52.37,Fantasy,In stock (16 available),1/5,A thrilling  seductive new series from New York Times bestselling author Sarah J. Maas  blending Beauty and the Beast with faerie lore.When nineteen-year-old huntress Feyre kills a wolf in the woods  a beast-like creature arrives to demand retribution for it. Dragged to a treacherous magical land she only knows about from legends  Feyre discovers that her captor is not an A thrilling  seductive new series from New York Times bestselling author Sarah J. Maas  blending Beauty and the Beast with faerie lore.When nineteen-year-old huntress Feyre kills a wolf in the woods  a beast-like creature arrives to demand retribution for it. Dragged to a treacherous magical land she only knows about from legends  Feyre discovers that her captor is not an animal  but Tamlin—one of the lethal  immortal faeries who once ruled their world.As she dwells on his estate  her feelings for Tamlin transform from icy hostility into a fiery passion that burns through every lie and warning she's been told about the beautiful  dangerous world of the Fae. But an ancient  wicked shadow grows over the faerie lands  and Feyre must find a way to stop it... or doom Tamlin—and his world—forever.Perfect for fans of Kristin Cashore and George R. R. Martin  this first book in a sexy and action-packed new series is impossible to put down! ...more
https://books.toscrape.com/catalogue/category/books/fantasy_19/index.html,throne of glass throne of glass 1_868,https://books.toscrape.com/catalogue/throne-of-glass-throne-of-glass-1_868/index.html,Throne of Glass (Throne of Glass #1) | Books to Scrape - Sandbox,https://books.toscrape.com//media/cache/4e/8d/4e8d87d1cb5e876ddb50599a1d1b656e.jpg,590a9cccf7db9f7d,£35.07,£35.07,Fantasy,In stock (15 available),3/5,An alternate cover edition can be found here.After serving out a year of hard labor in the salt mines of Endovier for her crimes  18-year-old assassin Celaena Sardothien is dragged before the Crown Prince. Prince Dorian offers her her freedom on one condition: she must act as his champion in a competition to find a new royal assassin.Her opponents are men-thieves and assas An alternate cover edition can be found here.After serving out a year of hard labor in the salt mines of Endovier for her crimes  18-year-old assassin Celaena Sardothien is dragged before the Crown Prince. Prince Dorian offers her her freedom on one condition: she must act as his champion in a competition to find a new royal assassin.Her opponents are men-thieves and assassins and warriors from across the empire  each sponsored by a member of the king's council. If she beats her opponents in a series of eliminations  she'll serve the kingdom for four years and then be granted her freedom. Celaena finds her training sessions with the captain of the guard  Westfall  challenging and exhilirating. But she's bored stiff by court life. Things get a little more interesting when the prince starts to show interest in her... but it's the gruff Captain Westfall who seems to understand her best.Then one of the other contestants turns up dead... quickly followed by another. Can Celaena figure out who the killer is before she becomes a victim? As the young assassin investigates  her search leads her to discover a greater destiny than she could possibly have imagined. ...more
https://books.toscrape.com/catalogue/category/books/fantasy_19/index.html,the glittering court the glittering court 1_845,https://books.toscrape.com/catalogue/the-glittering-court-the-glittering-court-1_845/index.html,The Glittering Court (The Glittering Court #1) | Books to Scrape - Sandbox,https://books.toscrape.com//media/cache/2f/21/2f21c9ffd0962092ce337ecd1b338f5b.jpg,2dbb7ec08cdd7f3c,£44.28,£44.28,Fantasy,In stock (15 available),1/5,Big and sweeping  spanning from the refined palaces of Osfrid to the gold dust and untamed forests of Adoria  The Glittering Court tells the story of Adelaide  an Osfridian countess who poses as her servant to escape an arranged marriage and start a new life in Adoria  the New World. But to do that  she must join the Glittering Court.Both a school and a business venture  t Big and sweeping  spanning from the refined palaces of Osfrid to the gold dust and untamed forests of Adoria  The Glittering Court tells the story of Adelaide  an Osfridian countess who poses as her servant to escape an arranged marriage and start a new life in Adoria  the New World. But to do that  she must join the Glittering Court.Both a school and a business venture  the Glittering Court is designed to transform impoverished girls into upper-class ladies who appear destined for powerful and wealthy marriages in the New World. Adelaide naturally excels in her training  and even makes a few friends: the fiery former laundress Tamsin and the beautiful Sirminican refugee Mira. She manages to keep her true identity hidden from all but one: the intriguing Cedric Thorn  son of the wealthy proprietor of the Glittering Court.When Adelaide discovers that Cedric is hiding a dangerous secret of his own  together they hatch a scheme to make the best of Adelaide’s deception. Complications soon arise—first as they cross the treacherous seas from Osfrid to Adoria  and then when Adelaide catches the attention of a powerful governor.But no complication will prove quite as daunting as the potent attraction simmering between Adelaide and Cedric. An attraction that  if acted on  would scandalize the Glittering Court and make them both outcasts in wild  vastly uncharted lands… ...more
https://books.toscrape.com/catalogue/category/books/fantasy_19/index.html,hollow city miss peregrines peculiar children 2_813,https://books.toscrape.com/catalogue/hollow-city-miss-peregrines-peculiar-children-2_813/index.html,Hollow City (Miss Peregrine’s Peculiar Children #2) | Books to Scrape - Sandbox,https://books.toscrape.com//media/cache/4c/fd/4cfd83a011f60d38b140642a441ce01a.jpg,4ce91d31c1e57c33,£42.98,£42.98,Fantasy,In stock (15 available),1/5,Miss Peregrine’s Home for Peculiar Childrenwas the surprise best seller of 2011—an unprecedented mix of YAfantasy and vintage photography that enthralled readers and critics alike. Publishers Weekly called it “anenjoyable  eccentric read  distinguished by well-developed characters  a believable Welsh setting  and somevery creepy monsters.”This second novel begins in 1940  Miss Peregrine’s Home for Peculiar Children was the surprise best seller of 2011—an unprecedented mix of YA fantasy and vintage photography that enthralled readers and critics alike. Publishers Weekly called it “an enjoyable  eccentric read  distinguished by well-developed characters  a believable Welsh setting  and some very creepy monsters.”This second novel begins in 1940  immediately after the first book ended. Having escaped Miss Peregrine’s island by the skin of their teeth  Jacob and his new friends must journey to London  the peculiar capital of the world. Along the way  they encounter new allies  a menagerie of peculiar animals  and other unexpected surprises.Complete with dozens of newly discovered (and thoroughly mesmerizing) vintage photographs  this new adventure will delight readers of all ages. ...more
https://books.toscrape.com/catalogue/category/books/fantasy_19/index.html,the star touched queen_764,https://books.toscrape.com/catalogue/the-star-touched-queen_764/index.html,The Star-Touched Queen | Books to Scrape - Sandbox,https://books.toscrape.com//media/cache/ac/1a/ac1a0546d9cdf6cd82ab7712a6c418df.jpg,1528279aec1f3dce,£46.02,£46.02,Fantasy,In stock (14 available),5/5,Fate and fortune. Power and passion. What does it take to be the queen of a kingdom when you're only seventeen?Maya is cursed. With a horoscope that promises a marriage of Death and Destruction  she has earned only the scorn and fear of her father's kingdom. Content to follow more scholarly pursuits  her whole world is torn apart when her father  the Raja  arranges a weddi Fate and fortune. Power and passion. What does it take to be the queen of a kingdom when you're only seventeen?Maya is cursed. With a horoscope that promises a marriage of Death and Destruction  she has earned only the scorn and fear of her father's kingdom. Content to follow more scholarly pursuits  her whole world is torn apart when her father  the Raja  arranges a wedding of political convenience to quell outside rebellions. Soon Maya becomes the queen of Akaran and wife of Amar. Neither roles are what she expected: As Akaran's queen  she finds her voice and power. As Amar's wife  she finds something else entirely: Compassion. Protection. Desire...But Akaran has its own secrets -- thousands of locked doors  gardens of glass  and a tree that bears memories instead of fruit. Soon  Maya suspects her life is in danger. Yet who  besides her husband  can she trust? With the fate of the human and Otherworldly realms hanging in the balance  Maya must unravel an ancient mystery that spans reincarnated lives to save those she loves the most. . .including herself.A lush and vivid story that is steeped in Indian folklore and mythology. The Star-touched Queen is a novel that no listener will soon forget. ...more
https://books.toscrape.com/catalogue/category/books/fantasy_19/index.html,the hidden oracle the trials of apollo 1_752,https://books.toscrape.com/catalogue/the-hidden-oracle-the-trials-of-apollo-1_752/index.html,The Hidden Oracle (The Trials of Apollo #1) | Books to Scrape - Sandbox,https://books.toscrape.com//media/cache/7c/55/7c550a26f03e12343d0c6b4474b3eb1e.jpg,992974ba6a0536ea,£52.26,£52.26,Fantasy,In stock (14 available),2/5,How do you punish an immortal?By making him human.After angering his father Zeus  the god Apollo is cast down from Olympus. Weak and disorientated  he lands in New York City as a regular teenage boy. Now  without his godly powers  the four-thousand-year-old deity must learn to survive in the modern world until he can somehow find a way to regain Zeus's favour.But Apollo ha How do you punish an immortal?By making him human.After angering his father Zeus  the god Apollo is cast down from Olympus. Weak and disorientated  he lands in New York City as a regular teenage boy. Now  without his godly powers  the four-thousand-year-old deity must learn to survive in the modern world until he can somehow find a way to regain Zeus's favour.But Apollo has many enemies - gods  monsters and mortals who would love to see the former Olympian permanently destroyed. Apollo needs help  and he can think of only one place to go . . . an enclave of modern demigods known as Camp Half-Blood. ...more
https://books.toscrape.com/catalogue/category/books/fantasy_19/index.html,the bane chronicles the bane chronicles 1 11_746,https://books.toscrape.com/catalogue/the-bane-chronicles-the-bane-chronicles-1-11_746/index.html,The Bane Chronicles (The Bane Chronicles #1-11) | Books to Scrape - Sandbox,https://books.toscrape.com//media/cache/e9/fe/e9fed5b725a6badd26ef93175fdc248b.jpg,dc6f688b82e42a5b,£44.73,£44.73,Fantasy,In stock (14 available),4/5,Fans of The Mortal Instruments and The Infernal Devices can get to know warlock Magnus Bane like never before in this collection of New York Times bestselling tales  in print for the first time with an exclusive new story and illustrated material.This collection of eleven short stories illuminates the life of the enigmatic Magnus Bane  whose alluring personality  flamboyan Fans of The Mortal Instruments and The Infernal Devices can get to know warlock Magnus Bane like never before in this collection of New York Times bestselling tales  in print for the first time with an exclusive new story and illustrated material.This collection of eleven short stories illuminates the life of the enigmatic Magnus Bane  whose alluring personality  flamboyant style  and sharp wit populate the pages of the #1 New York Times bestselling series  The Mortal Instruments and The Infernal Devices.Originally released one-by-one as e-only short stories by Cassandra Clare  Maureen Johnson  and Sarah Rees Brennan  this compilation presents all ten together in print for the first time and includes a never-before-seen eleventh tale  as well as new illustrated material. ...more
https://books.toscrape.com/catalogue/category/books/fantasy_19/index.html,island of dragons unwanteds 7_705,https://books.toscrape.com/catalogue/island-of-dragons-unwanteds-7_705/index.html,Island of Dragons (Unwanteds #7) | Books to Scrape - Sandbox,https://books.toscrape.com//media/cache/0f/65/0f6563cce3cc893cde20b088f6fd4107.jpg,2b52334fab158861,£29.65,£29.65,Fantasy,In stock (14 available),1/5,Twins Alex and Aaron Stowe are put to the ultimate test to fulfill their destinies and save both Quill and Artimé from the deadliest enemy the cities have ever faced in the thrilling conclusion of the New York Times bestselling Unwanteds series  which Kirkus Reviews called “The Hunger Games meets Harry Potter.” Head mage Alexander Stowe and his friends successfully fended Twins Alex and Aaron Stowe are put to the ultimate test to fulfill their destinies and save both Quill and Artimé from the deadliest enemy the cities have ever faced in the thrilling conclusion of the New York Times bestselling Unwanteds series  which Kirkus Reviews called “The Hunger Games meets Harry Potter.” Head mage Alexander Stowe and his friends successfully fended off the latest threat to their magical world of Artimé with the help of a surprise ally. But old enemies have secretly been plotting against them. Now Alex must lead his people in a final epic battle  one they can’t hope to win alone. Will Artimé finally know peace or will all they’ve fought for be destroyed forever? - See more at: http://books.simonandschuster.co.uk/I... ...more
https://books.toscrape.com/catalogue/category/books/fantasy_19/index.html,demigods magicians percy and annabeth meet the kanes percy jackson kane chronicles crossover 1 3_685,https://books.toscrape.com/catalogue/demigods-magicians-percy-and-annabeth-meet-the-kanes-percy-jackson-kane-chronicles-crossover-1-3_685/index.html,Demigods & Magicians: Percy and Annabeth Meet the Kanes (Percy Jackson & Kane Chronicles Crossover #1-3) | Books to Scrape - Sandbox,https://books.toscrape.com//media/cache/b7/d5/b7d558f31dc9803aeb6c76009fdea5bc.jpg,3c6fe637a0180b01,£37.51,£37.51,Fantasy,In stock (14 available),5/5,Magic  monsters  and mayhem abound when Percy Jackson and Annabeth Chase meet Carter and Sadie Kane for the first time. Weird creatures are appearing in unexpected places  and the demigods and magicians have to team up to take them down. As they battle with Celestial Bronze and glowing hieroglyphs  the four heroes find that they have a lot in common--and more power than th Magic  monsters  and mayhem abound when Percy Jackson and Annabeth Chase meet Carter and Sadie Kane for the first time. Weird creatures are appearing in unexpected places  and the demigods and magicians have to team up to take them down. As they battle with Celestial Bronze and glowing hieroglyphs  the four heroes find that they have a lot in common--and more power than they ever thought possible. But will their combined forces be enough to foil an ancient enemy who is mixing Greek and Egyptian incantations for an evil purpose? Rick Riordan wields his usual storytelling magic in this adrenaline-fueled adventure. ...more
https://books.toscrape.com/catalogue/category/books/fantasy_19/index.html,city of glass the mortal instruments 3_678,https://books.toscrape.com/catalogue/city-of-glass-the-mortal-instruments-3_678/index.html,City of Glass (The Mortal Instruments #3) | Books to Scrape - Sandbox,https://books.toscrape.com//media/cache/10/66/106624e3f3bf865390255be16dfb71d8.jpg,966ebb738e0f9d9b,£56.02,£56.02,Fantasy,In stock (14 available),4/5,Also see: Alternate Cover Editions for this ISBN [ACE] ACE #1 To save her mother's life  Clary must travel to the City of Glass  the ancestral home of the Shadowhunters - never mind that entering the city without permission is against the Law  and breaking the Law could mean death. To make things worse  she learns that Jace does not want her there  and Simon has been thr Also see: Alternate Cover Editions for this ISBN [ACE] ACE #1 To save her mother's life  Clary must travel to the City of Glass  the ancestral home of the Shadowhunters - never mind that entering the city without permission is against the Law  and breaking the Law could mean death. To make things worse  she learns that Jace does not want her there  and Simon has been thrown in prison by the Shadowhunters  who are deeply suspicious of a vampire who can withstand sunlight.As Clary uncovers more about her family's past  she finds an ally in mysterious Shadowhunter Sebastian. With Valentine mustering the full force of his power to destroy all Shadowhunters forever  their only chance to defeat him is to fight alongside their eternal enemies. But can Downworlders and Shadowhunters put aside their hatred to work together? While Jace realizes exactly how much he's willing to risk for Clary  can she harness her newfound powers to help save the Glass City - whatever the cost?Love is a mortal sin and the secrets of the past prove deadly as Clary and Jace face down Valentine in the third installment of the New York Times bestselling series The Mortal Instruments. ...more
https://books.toscrape.com/catalogue/category/books/fantasy_19/index.html,searching for meaning in gailana_648,https://books.toscrape.com/catalogue/searching-for-meaning-in-gailana_648/index.html,Searching for Meaning in Gailana | Books to Scrape - Sandbox,https://books.toscrape.com//media/cache/9e/b4/9eb4396139c421fc9f832011c68adb2c.jpg,2f0213137a80d485,£38.73,£38.73,Fantasy,In stock (13 available),1/5,Gailana is the central island of the world; Aurganots  Reminos  Hindarassis  Pelanese  and Free People  different societies with different customs and values  live in it. Gailana is old  with a history rich in events and civilisations. The mother island has undergone important changes in recent decades  including a devastating war from which the Aurganots emerged victoriou Gailana is the central island of the world; Aurganots  Reminos  Hindarassis  Pelanese  and Free People  different societies with different customs and values  live in it. Gailana is old  with a history rich in events and civilisations. The mother island has undergone important changes in recent decades  including a devastating war from which the Aurganots emerged victorious. Following this war  Aurganot has become a country of wealth  technology  and power  dominating all others.In this modern age  Aurganots value their new found joie de vivre; Pelanese love commerce and business; Reminos are still dedicated to honour and glory in war; Hindarassis continue to care most about their families; and the Free People cherish their freedom above anything else. Among the Free People  a young Levon has set a high and ambitious goal: to seek and find the ultimate meaning of all that humans do. Levon has been on his intellectual quest for years  and the coming days are significant. Paratos  the sage of Gailana  is in the land of the Free People  and Levon is readying to meet him. The young man knows that something life changing will come out from this meeting  only he does not imagine what.In this fictional first part of The Story in Three Parts  John H.T. Francis tells the story of Levon  a young and sincere soul looking for meaning in a changing world. This short novel will take you on a journey through Gailana  shows you its diversity  and brings you close to many of its human aspects. Events will develop fast on the island  and Levon is about to be in the midst of them. ...more
https://books.toscrape.com/catalogue/category/books/fantasy_19/index.html,the star touched queen_642,https://books.toscrape.com/catalogue/the-star-touched-queen_642/index.html,The Star-Touched Queen | Books to Scrape - Sandbox,https://books.toscrape.com//media/cache/dc/57/dc57f908a0a2e130a5c065893a9005dd.jpg,4a7a25be293ad678,£32.30,£32.30,Fantasy,In stock (12 available),5/5,Fate and fortune. Power and passion. What does it take to be the queen of a kingdom when you’re only seventeen?Maya is cursed. With a horoscope that promises a marriage of death and destruction  she has earned only the scorn and fear of her father’s kingdom. Content to follow more scholarly pursuits  her whole world is torn apart when her father  the Raja  arranges a weddi Fate and fortune. Power and passion. What does it take to be the queen of a kingdom when you’re only seventeen?Maya is cursed. With a horoscope that promises a marriage of death and destruction  she has earned only the scorn and fear of her father’s kingdom. Content to follow more scholarly pursuits  her whole world is torn apart when her father  the Raja  arranges a wedding of political convenience to quell outside rebellions. Soon Maya becomes the queen of Akaran and wife of Amar. Neither roles are what she expected: As Akaran’s queen  she finds her voice and power. As Amar’s wife  she finds something else entirely: Compassion. Protection. Desire…But Akaran has its own secrets—thousands of locked doors  gardens of glass  and a tree that bears memories instead of fruit. Soon  Maya suspects her life is in danger. Yet who  besides her husband  can she trust? With the fate of the human and Otherworldly realms hanging in the balance  Maya must unravel an ancient mystery that spans reincarnated lives to save those she loves the most…including herself. ...more
https://books.toscrape.com/catalogue/category/books/fantasy_19/index.html,a shard of ice the black symphony saga 1_558,https://books.toscrape.com/catalogue/a-shard-of-ice-the-black-symphony-saga-1_558/index.html,A Shard of Ice (The Black Symphony Saga #1) | Books to Scrape - Sandbox,https://books.toscrape.com//media/cache/9d/9b/9d9bf1a3155fb3736d2fe12799dcca95.jpg,63d5f1651880dcea,£56.63,£56.63,Fantasy,In stock (9 available),3/5,THEIR SOULS  REAWAKENED.When 13-year-old Lilix Morgan is found alive and floating on a bed of ice at sea  everyone counts it a miracle. Kidnapped nearly four weeks earlier  she remembers nothing of her mysterious abduction. When she tries to remember what happened  she hears only a melody – a faint and delicate set of notes  strung together in a tune she doesn’t understand THEIR SOULS  REAWAKENED.When 13-year-old Lilix Morgan is found alive and floating on a bed of ice at sea  everyone counts it a miracle. Kidnapped nearly four weeks earlier  she remembers nothing of her mysterious abduction. When she tries to remember what happened  she hears only a melody – a faint and delicate set of notes  strung together in a tune she doesn’t understand. THEIR POWER  UNMATCHED.A year later and desperate to put the lingering nightmares of her past behind her  Lilix crosses the country to enroll at Baelmorte Academy  aiming to become the violinist she once dreamt of. Things seem to be finally going well  and Lilix settles into a routine of sheet music and inspiration among new friends.Then the dreams start. The melody and night terrors she thought she’d left behind return with a vengeance  threatening to ruin her fragile version of normalcy. Then an unlikely ally tells her that she isn’t alone. That there are others just like her  fighting to hide their own shocking truths from coming to light. That they know who she is  and what she’s been through. Now  accompanied by four other girls  Lilix discovers her nightmares are larger than a single trauma; they’re a window to a hidden part of her soul  a place of immense power with a destiny that cannot be ignored. THEIR BATTLE  IS ONLY BEGINNING.With this knowledge comes a new and frightening reality. For Lilix has been reawakened to stop an age-old enemy  one thought to have been destroyed centuries ago. Trapped by her destiny  Lilix is torn between what feels right and what she remembers. Her memories tell her of a star-crossed love waiting to be reunited  of friendships and trust broken in the past. But can she save that love when reality brings her an enemy  and an evil that will be the undoing of them all if they don’t destroy it? ...more
https://books.toscrape.com/catalogue/category/books/fantasy_19/index.html,kings folly the kinsman chronicles 1_473,https://books.toscrape.com/catalogue/kings-folly-the-kinsman-chronicles-1_473/index.html,King's Folly (The Kinsman Chronicles #1) | Books to Scrape - Sandbox,https://books.toscrape.com//media/cache/fc/17/fc17b4149d87d9ee714dde082ede0ee9.jpg,4c82371b8cd02d4d,£39.61,£39.61,Fantasy,In stock (7 available),5/5,The gods are angry.Volcanic eruptions  sinkholes  ground shakers--everything points to their unhappiness. At least that is what the king of Armania believes. His son  Prince Wilek  thinks his father's superstitions are nonsense  though he remains the ever dutiful heir apparent to the throne.When a messenger arrives and claims that the town of Farway has been swallowed by t The gods are angry.Volcanic eruptions  sinkholes  ground shakers--everything points to their unhappiness. At least that is what the king of Armania believes. His son  Prince Wilek  thinks his father's superstitions are nonsense  though he remains the ever dutiful heir apparent to the throne.When a messenger arrives and claims that the town of Farway has been swallowed by the earth  the king sends Wilek to investigate. But what Wilek discovers is more cataclysmic than one lost city. Even as the ground shifts beneath his feet  Wilek sets out on a desperate journey to save his people and his world. But can he do it before the entire land crumbles? ...more
https://books.toscrape.com/catalogue/category/books/fantasy_19/index.html,every heart a doorway every heart a doorway 1_465,https://books.toscrape.com/catalogue/every-heart-a-doorway-every-heart-a-doorway-1_465/index.html,Every Heart a Doorway (Every Heart A Doorway #1) | Books to Scrape - Sandbox,https://books.toscrape.com//media/cache/b8/d7/b8d7eab895dac4551905c5f85849bb32.jpg,4fa75fc6829431ca,£12.16,£12.16,Fantasy,In stock (7 available),5/5,Eleanor West’s Home for Wayward ChildrenNo SolicitationsNo VisitorsNo QuestsChildren have always disappeared under the right conditions; slipping through the shadows under a bed or at the back of a wardrobe  tumbling down rabbit holes and into old wells  and emerging somewhere... else.But magical lands have little need for used-up miracle children.Nancy tumbled once  but n Eleanor West’s Home for Wayward ChildrenNo SolicitationsNo VisitorsNo QuestsChildren have always disappeared under the right conditions; slipping through the shadows under a bed or at the back of a wardrobe  tumbling down rabbit holes and into old wells  and emerging somewhere... else.But magical lands have little need for used-up miracle children.Nancy tumbled once  but now she’s back. The things she’s experienced... they change a person. The children under Miss West’s care understand all too well. And each of them is seeking a way back to their own fantasy world.But Nancy’s arrival marks a change at the Home. There’s a darkness just around each corner  and when tragedy strikes  it’s up to Nancy and her new-found schoolmates to get to the heart of the matter.No matter the cost. ...more
https://books.toscrape.com/catalogue/category/books/fantasy_19/index.html,a gathering of shadows shades of magic 2_456,https://books.toscrape.com/catalogue/a-gathering-of-shadows-shades-of-magic-2_456/index.html,A Gathering of Shadows (Shades of Magic #2) | Books to Scrape - Sandbox,https://books.toscrape.com//media/cache/c3/1a/c31af6fddfa452d9d746a599f35dcc01.jpg,d1378a0ad06ff979,£44.81,£44.81,Fantasy,In stock (7 available),4/5,It has been four months since a mysterious obsidian stone fell into Kell's possession. Four months since his path crossed with Delilah Bard. Four months since Prince Rhy was wounded  and since the nefarious Dane twins of White London fell  and four months since the stone was cast with Holland's dying body through the rift – back into Black London.Now  restless after having It has been four months since a mysterious obsidian stone fell into Kell's possession. Four months since his path crossed with Delilah Bard. Four months since Prince Rhy was wounded  and since the nefarious Dane twins of White London fell  and four months since the stone was cast with Holland's dying body through the rift – back into Black London.Now  restless after having given up his smuggling habit  Kell is visited by dreams of ominous magical events  waking only to think of Lila  who disappeared from the docks as she always meant to do. As Red London finalizes preparations for the Element Games – an extravagant international competition of magic meant to entertain and keep healthy the ties between neighboring countries – a certain pirate ship draws closer  carrying old friends back into port.And while Red London is caught up in the pageantry and thrills of the Games  another London is coming back to life. After all  a shadow that was gone in the night will reappear in the morning. But the balance of magic is ever perilous  and for one city to flourish  another London must fall. ...more
https://books.toscrape.com/catalogue/category/books/fantasy_19/index.html,the raven boys the raven cycle 1_411,https://books.toscrape.com/catalogue/the-raven-boys-the-raven-cycle-1_411/index.html,The Raven Boys (The Raven Cycle #1) | Books to Scrape - Sandbox,https://books.toscrape.com//media/cache/68/b0/68b05bbf33c6b8e2914f35ad14a0d2d8.jpg,e0b3a679b83caccc,£57.74,£57.74,Fantasy,In stock (5 available),4/5,Every year  Blue Sargent stands next to her clairvoyant mother as the soon-to-be dead walk past. Blue never sees them--until this year  when a boy emerges from the dark and speaks to her.His name is Gansey  a rich student at Aglionby  the local private school. Blue has a policy of staying away from Aglionby boys. Known as Raven Boys  they can only mean trouble.But Blue is Every year  Blue Sargent stands next to her clairvoyant mother as the soon-to-be dead walk past. Blue never sees them--until this year  when a boy emerges from the dark and speaks to her.His name is Gansey  a rich student at Aglionby  the local private school. Blue has a policy of staying away from Aglionby boys. Known as Raven Boys  they can only mean trouble.But Blue is drawn to Gansey  in a way she can't entirely explain. He is on a quest that has encompassed three other Raven Boys: Adam  the scholarship student who resents the privilege around him; Ronan  the fierce soul whose emotions range from anger to despair; and Noah  the taciturn watcher who notices many things but says very little.For as long as she can remember  Blue has been warned that she will cause her true love to die. She doesn't believe in true love  and never thought this would be a problem. But as her life becomes caught up in the strange and sinister world of the Raven Boys  she's not so sure anymore. ...more
https://books.toscrape.com/catalogue/category/books/fantasy_19/index.html,the false prince the ascendance trilogy 1_402,https://books.toscrape.com/catalogue/the-false-prince-the-ascendance-trilogy-1_402/index.html,The False Prince (The Ascendance Trilogy #1) | Books to Scrape - Sandbox,https://books.toscrape.com//media/cache/36/b1/36b1333456d4c6b28e90d1157d37bc0e.jpg,a2a9f76339d21ab1,£56.00,£56.00,Fantasy,In stock (5 available),5/5,The False Prince is the thrilling first book in a brand-new trilogy filled with danger and deceit and hidden identities that will have readers rushing breathlessly to the end.In a discontent kingdom  civil war is brewing. To unify the divided people  Conner  a nobleman of the court  devises a cunning plan to find an impersonator of the king’s long-lost son and install him The False Prince is the thrilling first book in a brand-new trilogy filled with danger and deceit and hidden identities that will have readers rushing breathlessly to the end.In a discontent kingdom  civil war is brewing. To unify the divided people  Conner  a nobleman of the court  devises a cunning plan to find an impersonator of the king’s long-lost son and install him as a puppet prince. Four orphans are recruited to compete for the role  including a defiant boy named Sage. Sage knows that Conner’s motives are more than questionable  yet his life balances on a sword’s point—he must be chosen to play the prince or he will certainly be killed. But Sage’s rivals have their own agendas as well.As Sage moves from a rundown orphanage to Conner’s sumptuous palace  layer upon layer of treachery and deceit unfold  until finally  a truth is revealed that  in the end  may very well prove more dangerous than all of the lies taken together.An extraordinary adventure filled with danger and action  lies and deadly truths that will have readers clinging to the edge of their seats. ...more
https://books.toscrape.com/catalogue/category/books/fantasy_19/index.html,tell the wind and fire_396,https://books.toscrape.com/catalogue/tell-the-wind-and-fire_396/index.html,Tell the Wind and Fire | Books to Scrape - Sandbox,https://books.toscrape.com//media/cache/bf/77/bf77b0c1f1bda1cd7297325066a7f337.jpg,84126312e2431a09,£45.51,£45.51,Fantasy,In stock (5 available),3/5,In a city divided between opulent luxury in the Light and fierce privations in the Dark  a determined young woman survives by guarding her secrets. Lucie Manette was born in the Dark half of the city  but careful manipulations won her a home in the Light  celebrity status  and a rich  loving boyfriend. Now she just wants to keep her head down  but her boyfriend has a dark In a city divided between opulent luxury in the Light and fierce privations in the Dark  a determined young woman survives by guarding her secrets. Lucie Manette was born in the Dark half of the city  but careful manipulations won her a home in the Light  celebrity status  and a rich  loving boyfriend. Now she just wants to keep her head down  but her boyfriend has a dark secret of his own—one involving an apparent stranger who is destitute and despised.Lucie alone knows of the deadly connection the young men share  and even as the knowledge leads her to make a grave mistake  she can trust no one with the truth.Blood and secrets alike spill out when revolution erupts. With both halves of the city burning  and mercy nowhere to be found  can Lucie save either boy—or herself?Celebrated author Sarah Rees Brennan tells a magical tale of romance and revolution  love and loss. ...more
https://books.toscrape.com/catalogue/category/books/fantasy_19/index.html,a feast for crows a song of ice and fire 4_357,https://books.toscrape.com/catalogue/a-feast-for-crows-a-song-of-ice-and-fire-4_357/index.html,A Feast for Crows (A Song of Ice and Fire #4) | Books to Scrape - Sandbox,https://books.toscrape.com//media/cache/6f/b7/6fb724034c86041a52b247ae53613413.jpg,f2c8f4b4c94d5c5c,£17.21,£17.21,Fantasy,In stock (5 available),4/5,With A Feast for Crows  Martin delivers the long-awaited fourth volume of the landmark series that has redefined imaginative fiction and stands as a modern masterpiece in the making.After centuries of bitter strife  the seven powers dividing the land have beaten one another into an uneasy truce. But it's not long before the survivors  outlaws  renegades  and carrion eaters With A Feast for Crows  Martin delivers the long-awaited fourth volume of the landmark series that has redefined imaginative fiction and stands as a modern masterpiece in the making.After centuries of bitter strife  the seven powers dividing the land have beaten one another into an uneasy truce. But it's not long before the survivors  outlaws  renegades  and carrion eaters of the Seven Kingdoms gather. Now  as the human crows assemble over a banquet of ashes  daring new plots and dangerous new alliances are formed while surprising faces—some familiar  others only just appearing—emerge from an ominous twilight of past struggles and chaos to take up the challenges of the terrible times ahead. Nobles and commoners  soldiers and sorcerers  assassins and sages  are coming together to stake their fortunes...and their lives. For at a feast for crows  many are the guests—but only a few are the survivors. ...more
https://books.toscrape.com/catalogue/category/books/fantasy_19/index.html,the demonists demonist 1_345,https://books.toscrape.com/catalogue/the-demonists-demonist-1_345/index.html,The Demonists (Demonist #1) | Books to Scrape - Sandbox,https://books.toscrape.com//media/cache/be/f8/bef8aac75369fc2211515cd4c76d3518.jpg,ff2dffba388d9922,£52.11,£52.11,Fantasy,In stock (4 available),2/5,There is more to our world than meets the eye—darker things  crueler things. Exorcist John Fogg and his wife  psychic medium Theodora Knight  know what lurks in the shadows. But even they’re not prepared for the worst Hell has to offer... It was supposed to be a simple exorcism  a publicity stunt to firmly establish John and Theodora’s thriving paranormal investigation em There is more to our world than meets the eye—darker things  crueler things. Exorcist John Fogg and his wife  psychic medium Theodora Knight  know what lurks in the shadows. But even they’re not prepared for the worst Hell has to offer...   It was supposed to be a simple exorcism  a publicity stunt to firmly establish John and Theodora’s thriving paranormal investigation empire in the public eye. But something went wrong  leading to an on-air massacre that unleashed a malicious host of demons and left Theodora catatonic  possessed by countless spirits.   John sets out on a desperate quest to find a cure for his wife  but his obsession brings him face-to-face with an even more terrifying problem: Theodora’s possession is only one piece of a deadly plot that is threatening the entire world. Because an ancient evil is about to make Earth its battlefield—and without John and Theodora’s intervention  there is no chance for salvation... ...more
https://books.toscrape.com/catalogue/category/books/fantasy_19/index.html,the beast black dagger brotherhood 14_342,https://books.toscrape.com/catalogue/the-beast-black-dagger-brotherhood-14_342/index.html,The Beast (Black Dagger Brotherhood #14) | Books to Scrape - Sandbox,https://books.toscrape.com//media/cache/d4/76/d4761761d26eb7fe1ba0a9480913a8ca.jpg,8930013d06942df1,£46.08,£46.08,Fantasy,In stock (4 available),5/5,Rhage and Mary return in a new novel of the Black Dagger Brotherhood  a series “so popular  I don’t think there’s a reader today who hasn’t at least heard of [it]” (USA Today).Nothing is as it used to be for the Black Dagger Brotherhood. After avoiding war with the Shadows  alliances have shifted and lines have been drawn. The slayers of the Lessening Society are stronger Rhage and Mary return in a new novel of the Black Dagger Brotherhood  a series “so popular  I don’t think there’s a reader today who hasn’t at least heard of [it]” (USA Today).Nothing is as it used to be for the Black Dagger Brotherhood. After avoiding war with the Shadows  alliances have shifted and lines have been drawn. The slayers of the Lessening Society are stronger than ever  preying on human weakness to acquire more money  more weapons  more power. But as the Brotherhood readies for an all-out attack on them  one of their own fights a battle within himself…For Rhage  the Brother with the biggest appetites  but also the biggest heart  life was supposed to be perfect—or at the very least  perfectly enjoyable. Mary  his beloved shellan  is by his side and his King and his brothers are thriving. But Rhage can’t understand—or control—the panic and insecurity that plague him…And that terrifies him—as well as distances him from his mate. After suffering mortal injury in battle  Rhage must reassess his priorities—and the answer  when it comes to him  rocks his world...and Mary’s. But Mary is on a journey of her own  one that will either bring them closer together or cause a split that neither will recover from... ...more
https://books.toscrape.com/catalogue/category/books/fantasy_19/index.html,paper and fire the great library 2_339,https://books.toscrape.com/catalogue/paper-and-fire-the-great-library-2_339/index.html,Paper and Fire (The Great Library #2) | Books to Scrape - Sandbox,https://books.toscrape.com//media/cache/b6/3b/b63bd741fc6ada1e60a33db14bde0277.jpg,ae884ac655d6ee3e,£49.45,£49.45,Fantasy,In stock (4 available),5/5,In Ink and Bone  New York Times bestselling author Rachel Caine introduced a world where knowledge is power  and power corrupts absolutely. Now  she continues the story of those who dare to defy the Great Library—and rewrite history…With an iron fist  The Great Library controls the knowledge of the world  ruthlessly stamping out all rebellion  forbidding the personal owner In Ink and Bone  New York Times bestselling author Rachel Caine introduced a world where knowledge is power  and power corrupts absolutely. Now  she continues the story of those who dare to defy the Great Library—and rewrite history…With an iron fist  The Great Library controls the knowledge of the world  ruthlessly stamping out all rebellion  forbidding the personal ownership of books in the name of the greater good.Jess Brightwell has survived his introduction to the sinister  seductive world of the Library  but serving in its army is nothing like he envisioned. His life and the lives of those he cares for have been altered forever. His best friend is lost  and Morgan  the girl he loves  is locked away in the Iron Tower and doomed to a life apart.Embarking on a mission to save one of their own  Jess and his band of allies make one wrong move and suddenly find themselves hunted by the Library’s deadly automata and forced to flee Alexandria  all the way to London.But Jess’s home isn’t safe anymore. The Welsh army is coming  London is burning  and soon  Jess must choose between his friends  his family  or the Library willing to sacrifice anything and anyone in the search for ultimate control… ...more
https://books.toscrape.com/catalogue/category/books/fantasy_19/index.html,harry potter and the order of the phoenix harry potter 5_327,https://books.toscrape.com/catalogue/harry-potter-and-the-order-of-the-phoenix-harry-potter-5_327/index.html,Harry Potter and the Order of the Phoenix (Harry Potter #5) | Books to Scrape - Sandbox,https://books.toscrape.com//media/cache/ca/56/ca565814dfe2d9f73d3d6b1ad7265984.jpg,5a6b7155f2797537,£31.63,£31.63,Fantasy,In stock (4 available),4/5,Harry Potter is due to start his fifth year at Hogwarts School of Witchcraft and Wizardry. His best friends Ron and Hermione have been very secretive all summer and he is desperate to get back to school and find out what has been going on. However  what Harry discovers is far more devastating than he could ever have expected...Suspense  secrets and thrilling action from th Harry Potter is due to start his fifth year at Hogwarts School of Witchcraft and Wizardry. His best friends Ron and Hermione have been very secretive all summer and he is desperate to get back to school and find out what has been going on. However  what Harry discovers is far more devastating than he could ever have expected...Suspense  secrets and thrilling action from the pen of J.K. Rowling ensure an electrifying adventure that is impossible to put down. ...more
https://books.toscrape.com/catalogue/category/books/fantasy_19/index.html,harry potter and the half blood prince harry potter 6_326,https://books.toscrape.com/catalogue/harry-potter-and-the-half-blood-prince-harry-potter-6_326/index.html,Harry Potter and the Half-Blood Prince (Harry Potter #6) | Books to Scrape - Sandbox,https://books.toscrape.com//media/cache/06/ee/06ee91950f111a29d18bccb0c3418fb4.jpg,73f4f87dd936ee5c,£48.75,£48.75,Fantasy,In stock (4 available),5/5,It is the middle of the summer  but there is an unseasonal mist pressing against the windowpanes. Harry Potter is waiting nervously in his bedroom at the Dursleys' house in Privet Drive for a visit from Professor Dumbledore himself. One of the last times he saw the Headmaster was in a fierce one-to-one duel with Lord Voldemort  and Harry can't quite believe that Professor It is the middle of the summer  but there is an unseasonal mist pressing against the windowpanes. Harry Potter is waiting nervously in his bedroom at the Dursleys' house in Privet Drive for a visit from Professor Dumbledore himself. One of the last times he saw the Headmaster was in a fierce one-to-one duel with Lord Voldemort  and Harry can't quite believe that Professor Dumbledore will actually appear at the Dursleys' of all places. Why is the Professor coming to visit him now? What is it that cannot wait until Harry returns to Hogwarts in a few weeks' time? Harry's sixth year at Hogwarts has already got off to an unusual start  as the worlds of Muggle and magic start to intertwine...J.K. Rowling charts Harry Potter's latest adventures in his sixth year at Hogwarts with consummate skill and in breathtaking fashion. ...more
https://books.toscrape.com/catalogue/category/books/fantasy_19/index.html,harry potter and the chamber of secrets harry potter 2_325,https://books.toscrape.com/catalogue/harry-potter-and-the-chamber-of-secrets-harry-potter-2_325/index.html,Harry Potter and the Chamber of Secrets (Harry Potter #2) | Books to Scrape - Sandbox,https://books.toscrape.com//media/cache/9e/3c/9e3c81f9694c5832a24bf590c2a0b610.jpg,c7c4f55b7321cba7,£14.74,£14.74,Fantasy,In stock (4 available),1/5,All Harry Potter wants is to get away from the Dursleys and go back to Hogwarts School for Witchcraft and Wizardry. But just as he's packing his bags  Harry receives a warning from a strange  impish creature named Dobby - who says that if Harry Potter returns to Hogwarts  disaster will strike.And strike it does. For in Harry's second year at Hogwarts  fresh torments and ho All Harry Potter wants is to get away from the Dursleys and go back to Hogwarts School for Witchcraft and Wizardry. But just as he's packing his bags  Harry receives a warning from a strange  impish creature named Dobby - who says that if Harry Potter returns to Hogwarts  disaster will strike.And strike it does. For in Harry's second year at Hogwarts  fresh torments and horrors arise  including an outrageously stuck-up new professor  Gilderoy Lockheart  a spirit named Moaning Myrtle who haunts the girls' bathroom  and the unwanted attentions of Ron Weasley's younger sister  Ginny.But each of these seem minor annoyances when the real trouble begins  and someone--or something--starts turning Hogwarts students to stone. Could it be Draco Malfoy  a more poisonous rival than ever? Could it possibly be Hagrid  whose mysterious past is finally told? Or could it be the one everyone at Hogwarts most suspects... Harry Potter himself. ...more
https://books.toscrape.com/catalogue/category/books/fantasy_19/index.html,the rose the dagger the wrath and the dawn 2_278,https://books.toscrape.com/catalogue/the-rose-the-dagger-the-wrath-and-the-dawn-2_278/index.html,The Rose & the Dagger (The Wrath and the Dawn #2) | Books to Scrape - Sandbox,https://books.toscrape.com//media/cache/a9/b6/a9b62c069312790dd2d408b0b57a2976.jpg,322a9e34d87f54b1,£58.64,£58.64,Fantasy,In stock (3 available),4/5,"The much anticipated sequel to the breathtaking The Wrath and the Dawn  lauded by Publishers Weekly as ""a potent page-turner of intrigue and romance.""I am surrounded on all sides by a desert. A guest  in a prison of sand and sun. My family is here. And I do not know whom I can trust.In a land on the brink of war  Shahrzad has been torn from the love of her husband Khalid  The much anticipated sequel to the breathtaking The Wrath and the Dawn  lauded by Publishers Weekly as ""a potent page-turner of intrigue and romance.""I am surrounded on all sides by a desert. A guest  in a prison of sand and sun. My family is here. And I do not know whom I can trust.In a land on the brink of war  Shahrzad has been torn from the love of her husband Khalid  the Caliph of Khorasan. She once believed him a monster  but his secrets revealed a man tormented by guilt and a powerful curse—one that might keep them apart forever. Reunited with her family  who have taken refuge with enemies of Khalid  and Tariq  her childhood sweetheart  she should be happy. But Tariq now commands forces set on destroying Khalid's empire. Shahrzad is almost a prisoner caught between loyalties to people she loves. But she refuses to be a pawn and devises a plan.While her father  Jahandar  continues to play with magical forces he doesn't yet understand  Shahrzad tries to uncover powers that may lie dormant within her. With the help of a tattered old carpet and a tempestuous but sage young man  Shahrzad will attempt to break the curse and reunite with her one true love.From the Hardcover edition. ...more"
https://books.toscrape.com/catalogue/category/books/fantasy_19/index.html,soldier talon 3_222,https://books.toscrape.com/catalogue/soldier-talon-3_222/index.html,Soldier (Talon #3) | Books to Scrape - Sandbox,https://books.toscrape.com//media/cache/79/15/7915bf4c3d1a2f7fd39c4edff580e91f.jpg,feaaae90514eb2ac,£24.72,£24.72,Fantasy,In stock (3 available),2/5,The price of freedom is everything.When forced to choose between safety with the dragon organization Talon and being hunted forever as an outcast  Ember Hill chose to stand with Riley and his band of rogue dragons rather than become an assassin for Talon. She’s lost any contact with her twin brother  Dante  a Talon devotee  as well as Garret  the former-enemy soldier who c The price of freedom is everything.When forced to choose between safety with the dragon organization Talon and being hunted forever as an outcast  Ember Hill chose to stand with Riley and his band of rogue dragons rather than become an assassin for Talon. She’s lost any contact with her twin brother  Dante  a Talon devotee  as well as Garret  the former-enemy soldier who challenged her beliefs about her human side.As Ember and Riley hide and regroup to fight another day  Garret journeys alone to the United Kingdom  birthplace of the ancient and secret Order of St. George  to spy on his former brothers and uncover deadly and shocking secrets that will shake the foundations of dragons and dragonslayers alike and place them all in imminent danger as Talon’s new order rises. ...more
https://books.toscrape.com/catalogue/category/books/fantasy_19/index.html,midnight riot peter grant rivers of london books 1_194,https://books.toscrape.com/catalogue/midnight-riot-peter-grant-rivers-of-london-books-1_194/index.html,Midnight Riot (Peter Grant/ Rivers of London - books #1) | Books to Scrape - Sandbox,https://books.toscrape.com//media/cache/cd/65/cd65e4ee648ae23f6cdafb41e4948d6e.jpg,e9056f9b5a40a301,£55.46,£55.46,Fantasy,In stock (3 available),2/5,Probationary Constable Peter Grant dreams of being a detective in London's Metropolitan Police. Too bad his superior plans to assign him to the Case Progression Unit  where the biggest threat he'll face is a paper cut. But Peter's prospects change in the aftermath of a puzzling murder  when he gains exclusive information from an eyewitness who happens to be a ghost. Peter' Probationary Constable Peter Grant dreams of being a detective in London's Metropolitan Police. Too bad his superior plans to assign him to the Case Progression Unit  where the biggest threat he'll face is a paper cut. But Peter's prospects change in the aftermath of a puzzling murder  when he gains exclusive information from an eyewitness who happens to be a ghost. Peter's ability to speak with the lingering dead brings him to the attention of Detective Chief Inspector Thomas Nightingale  who investigates crimes involving magic and other manifestations of the uncanny. Now  as a wave of brutal and bizarre murders engulfs the city  Peter is plunged into a world where gods and goddesses mingle with mortals and long-dead evil is making a comeback on a rising tide of magic. ...more
https://books.toscrape.com/catalogue/category/books/fantasy_19/index.html,heir to the sky_166,https://books.toscrape.com/catalogue/heir-to-the-sky_166/index.html,Heir to the Sky | Books to Scrape - Sandbox,https://books.toscrape.com//media/cache/36/39/36393f3294ab28afe4a2117fc987be75.jpg,b003f8bb02f76dc5,£44.07,£44.07,Fantasy,In stock (3 available),4/5,As heir to a kingdom of floating continents  Kali has spent her life bound by limits—by her duties as a member of the royal family  by a forced betrothal to the son of a nobleman  and by the edge of the only world she’s ever known—a small island hovering above a monster-ridden earth  long since uninhabited by humans. She is the Eternal Flame of Hope for what’s left of mank As heir to a kingdom of floating continents  Kali has spent her life bound by limits—by her duties as a member of the royal family  by a forced betrothal to the son of a nobleman  and by the edge of the only world she’s ever known—a small island hovering above a monster-ridden earth  long since uninhabited by humans. She is the Eternal Flame of Hope for what’s left of mankind  the wick and the wax burning in service for her people  and for their revered Phoenix  whose magic keeps them aloft.When Kali falls off the edge of her kingdom and miraculously survives  she is shocked to discover there are still humans on the earth. Determined to get home  Kali entrusts a rugged monster-hunter named Griffin to guide her across a world overrun by chimera  storm dragons  basilisks  and other terrifying beasts. But the more time she spends on earth  the more dark truths she begins to uncover about her home in the sky  and the more resolute she is to start burning for herself. ...more
https://books.toscrape.com/catalogue/category/books/fantasy_19/index.html,eragon the inheritance cycle 1_153,https://books.toscrape.com/catalogue/eragon-the-inheritance-cycle-1_153/index.html,Eragon (The Inheritance Cycle #1) | Books to Scrape - Sandbox,https://books.toscrape.com//media/cache/8e/5a/8e5a6639c7e2f9b59ff15f04a3b055e1.jpg,b843f52a986a2914,£43.87,£43.87,Fantasy,In stock (3 available),3/5,One boy. One dragon. A world of adventure.When Eragon finds a polished blue stone in the forest  he thinks it is the lucky discovery of a poor farm boy; perhaps it will buy his family meat for the winter. But when the stone brings a dragon hatchling  Eragon realizes he has stumbled upon a legacy nearly as old as the Empire itself.Overnight his simple life is shattered  and One boy. One dragon. A world of adventure.When Eragon finds a polished blue stone in the forest  he thinks it is the lucky discovery of a poor farm boy; perhaps it will buy his family meat for the winter. But when the stone brings a dragon hatchling  Eragon realizes he has stumbled upon a legacy nearly as old as the Empire itself.Overnight his simple life is shattered  and he is thrust into a perilous new world of destiny  magic  and power. With only an ancient sword and the advice of an old storyteller for guidance  Eragon and the fledgling dragon must navigate the dangerous terrain and dark enemies of an Empire ruled by a king whose evil knows no bounds.Can Eragon take up the mantle of the legendary Dragon Riders? The fate of the Empire may rest in his hands. ...more
https://books.toscrape.com/catalogue/category/books/fantasy_19/index.html,darkfever fever 1_145,https://books.toscrape.com/catalogue/darkfever-fever-1_145/index.html,Darkfever (Fever #1) | Books to Scrape - Sandbox,https://books.toscrape.com//media/cache/f2/53/f253cb694eae2cc512e395f2d54eefd5.jpg,468bd274ac084bb9,£56.02,£56.02,Fantasy,In stock (3 available),1/5,When her sister is murdered  leaving a single clue to her death—a cryptic message on MacKayla Lane’s cell phone–Mac journeys to Ireland in search of answers. The quest to find her sister’s killer draws her into a shadowy realm where nothing is as it seems  where good and evil wear the same treacherously seductive mask. She is soon faced with an even greater challenge: stay When her sister is murdered  leaving a single clue to her death—a cryptic message on MacKayla Lane’s cell phone–Mac journeys to Ireland in search of answers. The quest to find her sister’s killer draws her into a shadowy realm where nothing is as it seems  where good and evil wear the same treacherously seductive mask. She is soon faced with an even greater challenge: staying alive long enough to learn how to handle a power she had no idea she possessed—a gift that allows her to see beyond the world of man  into the dangerous realm of the Fae. ...more
https://books.toscrape.com/catalogue/category/books/fantasy_19/index.html,ash_123,https://books.toscrape.com/catalogue/ash_123/index.html,Ash | Books to Scrape - Sandbox,https://books.toscrape.com//media/cache/20/ea/20ea16f618488e65f6abc5535fa77610.jpg,5d22e2a46604b6e7,£22.06,£22.06,Fantasy,In stock (3 available),4/5,Cinderella retold In the wake of her father's death  Ash is left at the mercy of her cruel stepmother. Consumed with grief  her only joy comes by the light of the dying hearth fire  rereading the fairy tales her mother once told her. In her dreams  someday the fairies will steal her away  as they are said to do. When she meets the dark and dangerous fairy Sidhean  she bel Cinderella retold In the wake of her father's death  Ash is left at the mercy of her cruel stepmother. Consumed with grief  her only joy comes by the light of the dying hearth fire  rereading the fairy tales her mother once told her. In her dreams  someday the fairies will steal her away  as they are said to do. When she meets the dark and dangerous fairy Sidhean  she believes that her wish may be granted.The day that Ash meets Kaisa  the King's Huntress  her heart begins to change. Instead of chasing fairies  Ash learns to hunt with Kaisa. Though their friendship is as delicate as a new bloom  it reawakens Ash's capacity for love-and her desire to live. But Sidhean has already claimed Ash for his own  and she must make a choice between fairy tale dreams and true love.Entrancing  empowering  and romantic  Ash is about the connection between life and love  and solitude and death  where transformation can come from even the deepest grief. ...more
https://books.toscrape.com/catalogue/category/books/fantasy_19/index.html,a storm of swords a song of ice and fire 3_116,https://books.toscrape.com/catalogue/a-storm-of-swords-a-song-of-ice-and-fire-3_116/index.html,A Storm of Swords (A Song of Ice and Fire #3) | Books to Scrape - Sandbox,https://books.toscrape.com//media/cache/0b/c8/0bc884c23d4204aec7bbf35d5e8849f6.jpg,87beabf664115d79,£31.22,£31.22,Fantasy,In stock (3 available),2/5,Here is the third volume in George R.R. Martin's magnificent cycle of novels that includes A Game of Thrones and A Clash of Kings. Together  this series comprises a genuine masterpiece of modern fantasy  destined to stand as one of the great achievements of imaginative fiction.Of the five contenders for power  one is dead  another in disfavor  and still the wars rage as al Here is the third volume in George R.R. Martin's magnificent cycle of novels that includes A Game of Thrones and A Clash of Kings. Together  this series comprises a genuine masterpiece of modern fantasy  destined to stand as one of the great achievements of imaginative fiction.Of the five contenders for power  one is dead  another in disfavor  and still the wars rage as alliances are made and broken. Joffrey sits on the Iron Throne  the uneasy ruler of the Seven Kingdoms. His most bitter rival  Lord Stannis  stands defeated and disgraced  victim of the sorceress who holds him in her thrall. Young Robb still rules the North from the fortress of Riverrun. Meanwhile  making her way across a blood-drenched continent is the exiled queen  Daenerys  mistress of the only three dragons still left in the world. And as opposing forces manoeuver for the final showdown  an army of barbaric wildlings arrives from the outermost limits of civilization  accompanied by a horde of mythical Others—a supernatural army of the living dead whose animated corpses are unstoppable. As the future of the land hangs in the balance  no one will rest until the Seven Kingdoms have exploded in a veritable storm of swords... ...more
https://books.toscrape.com/catalogue/category/books/fantasy_19/index.html,vampire girl vampire girl 1_92,https://books.toscrape.com/catalogue/vampire-girl-vampire-girl-1_92/index.html,Vampire Girl (Vampire Girl #1) | Books to Scrape - Sandbox,https://books.toscrape.com//media/cache/32/8d/328dc781f0faaa70e67f9a04ef601d3c.jpg,dab5e75d1339706a,£53.82,£53.82,Fantasy,In stock (1 available),2/5,You think it's safe to walk alone at night. It's not. You think the only threat is other humans. It's not. Monsters are real. Demons are real. Vampires are real. And I'm about to become one of them. My name is Arianna Spero. I was an ordinary girl  living an ordinary life  until my mother lapsed into a coma. Now  I am her only hope. She made a deal with the devil  and on m You think it's safe to walk alone at night. It's not. You think the only threat is other humans. It's not. Monsters are real. Demons are real. Vampires are real. And I'm about to become one of them. My name is Arianna Spero. I was an ordinary girl  living an ordinary life  until my mother lapsed into a coma. Now  I am her only hope. She made a deal with the devil  and on my 18th birthday he came to collect. But there's a way to save her. There's something the princes of hell want more than my mother. Me. So I signed my soul away and promised to pick a prince to marry. I would take the blood oath  become one of them  and give them an heir. I would become a princess of hell  and my mother would live. I expected fire and brimstone. I expected pain and misery. I didn't expect beauty. I didn't expect magic. I didn't expect love. But the princes are keeping secrets from me. Secrets that could shatter everything. Scroll up and click the buy button now to uncover the truth... ...more
https://books.toscrape.com/catalogue/category/books/fantasy_19/index.html,the silent twin detective jennifer knight 3_82,https://books.toscrape.com/catalogue/the-silent-twin-detective-jennifer-knight-3_82/index.html,The Silent Twin (Detective Jennifer Knight #3) | Books to Scrape - Sandbox,https://books.toscrape.com//media/cache/c1/80/c1800f5a0eaaaea8c2283b129cbac4ae.jpg,9e9932ae1a7d0943,£36.25,£36.25,Fantasy,In stock (1 available),3/5,I’m alone in the dark  please can you find me …Nine-year-old twins Abigail and Olivia vow never to be parted. But when Abigail goes missing from Blackwater Farm  DC Jennifer Knight must find her before it’s too late. Twin sister Olivia has been mute since Abigail’s disappearance. But when she whispers in Jennifer’s ear  Jennifer realises it is Abigail’s voice pleading to b I’m alone in the dark  please can you find me …Nine-year-old twins Abigail and Olivia vow never to be parted. But when Abigail goes missing from Blackwater Farm  DC Jennifer Knight must find her before it’s too late. Twin sister Olivia has been mute since Abigail’s disappearance. But when she whispers in Jennifer’s ear  Jennifer realises it is Abigail’s voice pleading to be found. A damp and decaying house set in acres of desolate scrubland  the farm is a place of secrets  old and new – and Jennifer must unravel them all in order to find the lost girl. But could Olivia’s bond with her twin hold the key to finding Abigail? And can Jennifer break through her silence in time to save her sister’s life? A darkly gripping  page-turning thriller that will enthrall fans of Rachel Abbott  Alex Marwood’s The Wicked Girls and Mark Edwards. Praise for Caroline Mitchell:‘Fan-bloody-tastic! I enjoyed this book so much that I forced myself to read slowly as I just could not bear for it to end… I thought the story was brilliant. The characters were creative and kept me hooked. ‘The twists and turns kept me gasping for more… Could not recommend this book any more highly!’ Crime Book Junkie ‘This is a well written supernatural detective story  with a surprising twist that I guarantee will keep you glued to the last page… at times I couldn’t turn the pages quickly enough  it’s atmospheric  gritty and at times just plain scary  and what a twist at the end.’ The Book Review Café ‘With a brilliant cast of crime characters  and a plot that was enough to make me feel dizzy  this was a compelling book that I just couldn't get enough of. Every word  every page  every murder  every guess... I couldn't wait for the final piece of the jigsaw to fit into place… the word 'thrilling' just doesn't do this justice.’ Becca’s Books ...more
https://books.toscrape.com/catalogue/category/books/fantasy_19/index.html,the mirror the maze the wrath and the dawn 15_73,https://books.toscrape.com/catalogue/the-mirror-the-maze-the-wrath-and-the-dawn-15_73/index.html,The Mirror & the Maze (The Wrath and the Dawn #1.5) | Books to Scrape - Sandbox,https://books.toscrape.com//media/cache/61/8a/618a23dc5a492a4aa8b15ba4bf80c781.jpg,c40b70e0f6d80189,£29.38,£29.38,Fantasy,In stock (1 available),1/5,The city of Rey is burning. With smoke billowing  fires blazing and his people fleeing  Khalid races back to defend his city  and protect his queen. But Khalid is too late to do either. He and his men arrive to find the city in ruins  nothing but a maze of destruction  and Shahrzad is gone. But who could have wrought such devastation? Khalid fears he may already know the a The city of Rey is burning. With smoke billowing  fires blazing and his people fleeing  Khalid races back to defend his city  and protect his queen. But Khalid is too late to do either. He and his men arrive to find the city in ruins  nothing but a maze of destruction  and Shahrzad is gone. But who could have wrought such devastation? Khalid fears he may already know the answer  the price of choosing love over the people of Rey all too evident. ...more
https://books.toscrape.com/catalogue/category/books/fantasy_19/index.html,sister sable the mad queen 1_54,https://books.toscrape.com/catalogue/sister-sable-the-mad-queen-1_54/index.html,Sister Sable (The Mad Queen #1) | Books to Scrape - Sandbox,https://books.toscrape.com//media/cache/26/47/2647baddb86f91b6f7ea2fb8052edd62.jpg,3a9a7c5895e82646,£13.33,£13.33,Fantasy,In stock (1 available),3/5,THE FIRST TENET OF THE WIND: Do not get caught.Sister Sable has lived by the first tenet for seven years  but when an unexpected accident reveals the runaway nun to the clergy  she is forced to embrace the remaining four.THE SECOND TENET OF THE WIND: Win by any means.With the King’s spymaster committed to killing her  and his general regretting he didn’t  Sable enters a de THE FIRST TENET OF THE WIND: Do not get caught.Sister Sable has lived by the first tenet for seven years  but when an unexpected accident reveals the runaway nun to the clergy  she is forced to embrace the remaining four.THE SECOND TENET OF THE WIND: Win by any means.With the King’s spymaster committed to killing her  and his general regretting he didn’t  Sable enters a deadly game.THE THIRD TENET OF THE WIND: The purpose of picking up a blade is to cut the enemy.Scaring them is discretionary.THE FOURTH TENET OF THE WIND: Have no preferred weapon. Even so  she likes the axe.THE FIFTH TENET OF THE WIND: Know the way of all professions.Prophet  pilot  assassin  spy  Sable will need to call upon all she has learned to protect the King’s future from the past. ...more
https://books.toscrape.com/catalogue/category/books/fantasy_19/index.html,shadow rites jane yellowrock 10_51,https://books.toscrape.com/catalogue/shadow-rites-jane-yellowrock-10_51/index.html,Shadow Rites (Jane Yellowrock #10) | Books to Scrape - Sandbox,https://books.toscrape.com//media/cache/b8/35/b83561ef09d202d3c871649feed4b66d.jpg,229cd6564bf0dce4,£21.72,£21.72,Fantasy,In stock (1 available),4/5,Slaying vampires is child’s play for skinwalker Jane Yellowrock. But handling the complicated politics of New Orleans’ supernatural players is another story...Jane is keeping the peace between visiting groups of witches and vamps in the city  but then trouble comes knocking on her doorstep. When her house is magically attacked  the wild chase to find her assailants unearth Slaying vampires is child’s play for skinwalker Jane Yellowrock. But handling the complicated politics of New Orleans’ supernatural players is another story...Jane is keeping the peace between visiting groups of witches and vamps in the city  but then trouble comes knocking on her doorstep. When her house is magically attacked  the wild chase to find her assailants unearths a mystery that has literally been buried deep.A missing master vampire  presumed long deceased  is found chained in a pit...undead  raving mad  and in the company of two human bodies. Now it’s up to Jane to find out who kept the vampire hidden for so long and why  because the incident could tip already high supernatural tensions to an all-out arcane war. ...more
https://books.toscrape.com/catalogue/category/books/fantasy_19/index.html,origins alphas 05_42,https://books.toscrape.com/catalogue/origins-alphas-05_42/index.html,Origins (Alphas 0.5) | Books to Scrape - Sandbox,https://books.toscrape.com//media/cache/ad/78/ad789235c675d02b730b57a166d910b5.jpg,8932e5c12f12ffed,£28.99,£28.99,Fantasy,In stock (1 available),1/5,From Ilona Andrews—#1 New York Times bestselling author of Magic Shifts and the Kate Daniels novels—comes a stark  seductive tale of a world torn asunder by supernatural gifts and irresistible passions...Karina Tucker is driving a van of children home from a field trip when an unplanned detour to a seemingly ordinary rest stop changes her life. There  she witnesses a world From Ilona Andrews—#1 New York Times bestselling author of Magic Shifts and the Kate Daniels novels—comes a stark  seductive tale of a world torn asunder by supernatural gifts and irresistible passions...Karina Tucker is driving a van of children home from a field trip when an unplanned detour to a seemingly ordinary rest stop changes her life. There  she witnesses a world beyond humanity’s sight  of frightful powers and chaos  where she is in death’s grip... before an irresistibly dangerous male saves her—only to take her captive.For she is a rare commodity in the shadowy realm she’s entered.Karina soon finds herself caught in a violent civil war where those with inhuman powers strive to destroy each other without mercy. And it becomes all too clear that she must make a choice: submit and become a pawn  or take hold of her own destiny and fight for survival against impossible odds.Alphas: Origins originally appeared in Angels of Darkness. ...more
https://books.toscrape.com/catalogue/category/books/fantasy_19/index.html,one second seven 7_41,https://books.toscrape.com/catalogue/one-second-seven-7_41/index.html,One Second (Seven #7) | Books to Scrape - Sandbox,https://books.toscrape.com//media/cache/70/ad/70ad2de442bc3ffe36660ccabfe46148.jpg,7ea31f38675b91c1,£52.94,£52.94,Fantasy,In stock (1 available),2/5,***USA TODAY BESTSELLING SERIES*** EXPLOSIVE FINAL INSTALLMENT IN THE SEVEN SERIES Book 1 is on sale for a limited time! Love. Family. Brotherhood. Lexi has faced personal struggles  but nothing has prepared her for the most perilous battle of her life. Shifters are on the brink of war as Northerners target Colorado in an attempt to infiltrate the borders. Texas winds up o ***USA TODAY BESTSELLING SERIES*** EXPLOSIVE FINAL INSTALLMENT IN THE SEVEN SERIES Book 1 is on sale for a limited time! Love. Family. Brotherhood. Lexi has faced personal struggles  but nothing has prepared her for the most perilous battle of her life. Shifters are on the brink of war as Northerners target Colorado in an attempt to infiltrate the borders. Texas winds up on the hit list  and the Weston pack prepares to fight for their land… and for their lives. Austin’s courage is put to the test when rogues want to seize his land and slaughter his pack. But that’s not all he’s facing as two shocking revelations turn their lives upside down. His love for Lexi is unwavering  but their future is uncertain. Will the local packs set aside their differences to fight together  or will this be the end of peace among Shifters? Stand witness to the epic conclusion of the Seven series. Destiny will find you. + Cliffhanger-free + HEA SEVEN SERIES READING ORDER: Book 1 - Seven Years (Seven Series #1) Book 2 - Six Months (Seven Series #2) Book 3 - Five Weeks (Seven Series #3) Book 4 - Four Days (Seven Series #4) Book 5 - Three Hours (Seven Series #5) Book 6 - Two Minutes (Seven Series #6) Book 7 - One Second (Seven Series #7) SEVEN WORLD Charming MAGERI SERIES READING ORDER: Book 1 - Sterling (Mageri Series: Book 1) Book 2 - Twist (Mageri Series: Book 2) Book 3 - Impulse (Mageri Series: Book 3) Book 4 - Gravity (Mageri Series: Book 4) Book 5 - Shine (Mageri Series: Book 5) Final Installment! MAGERI WORLD: Risk (coming soon) OTHER BOOKS: Closer: A Novella ...more
https://books.toscrape.com/catalogue/category/books/fantasy_19/index.html,myriad prentor 1_36,https://books.toscrape.com/catalogue/myriad-prentor-1_36/index.html,Myriad (Prentor #1) | Books to Scrape - Sandbox,https://books.toscrape.com//media/cache/48/7d/487d4be44c60cac7f0085242c4512653.jpg,63e20a0f98218a87,£58.75,£58.75,Fantasy,In stock (1 available),4/5,Alternate Cover Edition: 14783849642016 Revised EditionKalin  tired of being put down for who he is  leaves home when he turns eighteen. Despite being a warlock  he’s denied his magic for years because his parents told him magic is evil. He just wants to start a new life and leave his past behind.But then Kalin is approached by a group who tell him he has a rare kind of po Alternate Cover Edition: 14783849642016 Revised EditionKalin  tired of being put down for who he is  leaves home when he turns eighteen. Despite being a warlock  he’s denied his magic for years because his parents told him magic is evil. He just wants to start a new life and leave his past behind.But then Kalin is approached by a group who tell him he has a rare kind of power—and the ability to stop a dark warlock from threatening the Royal family. Kalin doesn’t think he can help until one of the witches  a seer named Regina  has a vision about his future. The truth behind his ability shocks him—and may lead to his death and the death of his new friends. With Regina's visions as his guide  will he decide the risk is worth taking?This is a NOVELLA of approximately 27 000 words. ...more
